id,first_name,last_name,email,password
1000,Ashley,Hamilton,qbrown@little.com,_@VgFb+XBI3b
999,Margaret,Miller,diana58@yahoo.com,#2j6$)DhLrDA
998,Travis,Freeman,smithtodd@dunn-perkins.info,M%W#NCjg!t7j
997,Ryan,Williams,darlenebrown@carroll-callahan.com,3$F#dx*2w3hY
996,Julie,Gardner,fbriggs@hotmail.com,95Uu_3CY&NBf
995,James,Smith,johncallahan@hotmail.com,r44DgqlP^mkI
994,Kenneth,Lane,pachecojames@payne-hansen.biz,5#6U*M(i)90Y
993,Julie,Phillips,michaeljames@hotmail.com,(^CR5SvnyUxG
992,Keith,Pham,kwilliams@hotmail.com,*I3Gn0uzw2Gk
991,David,Henderson,kathy22@yahoo.com,(T9BBzfB3ob^
990,Amanda,Carr,woodskelly@gray.com,8!68JPgHtl^B
989,Andrew,Alexander,jonathansnyder@gutierrez-brennan.biz,L$(OJnQzpKP6
988,Kayla,Gonzalez,harrisashley@gmail.com,(3OO)Mnr*Fly
987,Jacqueline,Flores,marcusyoung@gmail.com,*rT73GaJf*3$
986,Gregory,Ramsey,tjones@martinez.com,0xIfbePL&XdE
985,Alexandra,Hill,brenda51@hotmail.com,MnxJCNF#g*3r
984,Alexandria,Scott,erikmartinez@lutz.com,L5U(kZ88#jxG
983,Elizabeth,Tyler,donna01@delgado.com,PTNI4bSh!*4o
982,Alyssa,Young,gregory61@hotmail.com,r#3eFldHDflZ
981,James,Hess,patricklewis@hotmail.com,A^2YVn9ovT$y
980,Christine,Khan,stephaniecole@cisneros.com,!4c%YRUPH0Zn
979,Michele,Palmer,heather04@burns.com,_4xRd+rT%)J^
978,Sarah,Peterson,kellymoore@gmail.com,os7APwCMlc2!
977,Lisa,Miller,burnsrichard@gmail.com,l0r9X#Xj**EZ
976,Cynthia,Gonzalez,rebecca89@ross-wright.org,vN5nW2tD6)G&
975,Patricia,Richardson,heidiphillips@hotmail.com,tJ^m0#Yth_dp
974,Jill,Morris,douglas57@wallace.com,t+LzUoezwx9R
973,Kevin,Fischer,john93@hotmail.com,5dEbwVc1#uhT
972,Taylor,Lopez,smithvictor@hotmail.com,*Q4RVzMb3P19
971,Maurice,Howard,vwelch@lee.com,%bJ^XhzZF1@E
970,Timothy,Gonzalez,kathleenmartin@hotmail.com,%1Vgl4CsUxP(
969,Angela,Nguyen,jasonowens@yahoo.com,d_1T*Lma!9)%
968,Kara,Peterson,bsmith@moore.com,(n(Lv!gOj3Px
967,Michelle,Barker,christopher37@hinton-logan.com,!+*aLO9cz6_&
966,Steven,Cochran,ericksonjose@fernandez.com,@VAx5pol06n8
965,Leah,Burgess,gmahoney@miller.com,^cXEr&cWL97J
964,Carrie,Martin,fjohnson@williams.com,Z0@NhD9u%313
963,Martin,Anderson,smithscott@patterson.com,YwZI3SoHL(vy
962,Ryan,Avila,murphyamy@martinez.biz,&6gF2i1q)^)S
961,Ronald,Burns,anthonydaniels@campos-james.com,or*27#Hf)T%^
960,Kyle,Campbell,ashleyvance@yahoo.com,UID91LEzWt%+
959,Catherine,Irwin,morgan60@avila-lin.com,dl#TUxrlk%F9
958,Amanda,Cochran,breannasingh@tucker.info,a^EX3Fuf$EcY
957,Barbara,Hunt,qramirez@gmail.com,t^R%MZy7kU1P
956,Jeremy,Jacobson,katie07@hotmail.com,_31YcgpF6@ZI
955,Katie,Curtis,candacejohnson@montgomery.biz,+@3d)k9ie#^Q
954,Thomas,Walker,williamgreene@gmail.com,&J$)m9SjC!9y
953,Jonathon,Kim,john87@young-marshall.net,^+&P+ftmH1h1
952,Christopher,Rios,petersonmercedes@schroeder.info,9Ti1GTDi+f6$
951,Crystal,Dickson,upoole@griffin.com,0*2Xlu8l9+S#
950,Bradley,Hill,nmendoza@yahoo.com,SK&3_4Fsoo!&
949,Gregory,Mcdonald,fabbott@hotmail.com,)8(VLBd&_vw5
948,Erica,Meyer,yacosta@wade.biz,YhH%!jD03H&D
947,Pam,Long,ronald11@yahoo.com,8y6)efBv3E+x
946,Donald,Grant,efrank@soto.com,5*b5WOEaQ(c3
945,Briana,Rice,jeffrey19@gmail.com,MCZ#BVkowIv9
944,Rachel,Williams,kennedysherry@torres-bailey.net,O05fH8Ayms(x
943,Suzanne,Gallagher,anthony92@gmail.com,s**VFRdn#&y9
942,Vickie,Frederick,aliciameyers@gmail.com,H4CT%@R1)rdr
941,Alexis,Webster,wallstiffany@yahoo.com,P$z4ASxL7vpb
940,Kevin,Garcia,smithmiguel@chase.com,6VeeDxkb$*x6
939,Benjamin,Reyes,toddbridges@bell.biz,#pXY$E!jI2Mn
938,Ashley,Smith,scott19@davis.com,f8Cv(v3M$(62
937,Connor,Krause,heatharthur@rivas.com,nrUO9)Oad)Dd
936,Lisa,Shelton,nicoleedwards@yahoo.com,%*0KliY5jILk
935,Samuel,Henderson,peter43@yahoo.com,(c_dlP+pw2YB
934,Timothy,Evans,kevinwood@gmail.com,+@Yw+1$bK9JB
933,Susan,Howell,ericanguyen@yahoo.com,B@q#rfmiQNa1
932,Anthony,Camacho,garzajohn@powell.com,(7ahBFOxb5GF
931,Richard,Morris,thompsonrachel@henderson.info,I%bI6qSRQF0^
930,Debbie,Larson,lambnicolas@gmail.com,#@gKzRe_D7U8
929,Jon,Bryant,averydeborah@mccoy.net,xgD*8^Qc6&s^
928,Joshua,Alvarado,qbarnes@martinez-reyes.com,WO12$pVl$BCS
927,April,Hodges,wsmith@yahoo.com,)duLmdKz54oT
926,Brandon,Jones,elliottsteven@gmail.com,88dZ*nH+$bZB
925,William,Meadows,alityler@gmail.com,jKe9ePcb8$5K
924,Bryan,Gaines,robertwong@gmail.com,)iz9R(keIGJ+
923,Kyle,Porter,lindsey00@monroe-smith.biz,5(es0SlymF)U
922,Martin,Oconnor,kristywoodward@ramos.info,%fu)1POhKt0_
921,Melinda,Smith,cruzchristian@mills.org,+R9M)Oczw*!3
920,Christopher,Cummings,yjimenez@davenport-willis.org,w&#k7SwaOvP2
919,Casey,Long,gregorymcclure@larsen.com,()b4SMDdjqkI
918,Julie,Smith,vsmith@hotmail.com,EFq9HXMo3*1*
917,Curtis,Miller,hooverjames@johnson.info,I!5A9n)h)k%o
916,Whitney,Smith,padilladenise@long-hicks.com,(+A6RjY&5orR
915,Maria,Bailey,gsteele@jones.net,%7HMtznT)5kA
914,Mary,Cannon,alexwade@jensen.org,l&5E+L$kEWH2
913,Michael,Lambert,jamiebrown@yahoo.com,Cj2JUpp+*1M3
912,Ann,Jones,cookeamy@koch.com,cC1f_uTp)2BG
911,Jessica,Chavez,lbarton@butler-howard.org,*x9sv^i%USIq
910,Jody,Murphy,zbarrett@hotmail.com,m6JsXsAu+oJb
909,Jason,Carter,cware@sanchez.com,ooJ9R1lo@w98
908,Dawn,Valdez,santiagomonica@nguyen.com,)j%v()kj(3YX
907,Andrew,Thomas,rogermarshall@peterson.com,^CoTTs4S#7y(
906,Tracy,Nguyen,joshuamartin@hotmail.com,&w9@Xg3RD@!M
905,Carlos,Sanders,kimberly55@jacobs-bennett.net,rBeQe_)m%hF9
904,Joe,Gonzalez,harperjoshua@hotmail.com,Yi50YRqo^+oq
903,Anthony,Martin,timothy47@estrada.org,_0J+3^UeU7)&
902,Patricia,Douglas,kimberly86@mora.com,5L_^nXh6*7J*
901,Zachary,Padilla,isabelweeks@gmail.com,fPq0agSz5$Vb
900,Norma,Rogers,danielsjordan@hotmail.com,BF2F3LGzJal)
899,Michael,Johnson,leah25@gonzales.com,+)8QNkysbMah
898,Jason,Smith,frances74@hotmail.com,9+JOtgAe@5I5
897,Sarah,Murphy,fsmith@hoover.biz,+e_c8ReuJwA)
896,Adrian,Powers,ycollier@james.com,l6#hMCJ)^)T7
895,John,Moore,carla61@hotmail.com,&34oAYGz&6Y&
894,Charles,Arnold,natasha82@hotmail.com,Cy*o3%h@U9O!
893,Carol,Chavez,tdavis@hotmail.com,_^F2n*Vd%$BU
892,Omar,Bell,donaldwatts@nguyen.com,(qJW$IzX3xSP
891,James,Smith,jessicashields@moss.com,&YVMtG1so3Ck
890,Sheila,Watson,theresa40@hotmail.com,*xPeSZp+%7#I
889,Christopher,Ryan,staceyray@hunt-johnson.com,v0g1tnH)^nxB
888,Lisa,Jones,debbiegonzalez@miller.info,%XM#sKrpz585
887,Jennifer,Martin,joanna69@hotmail.com,(s)E$C6c+d0&
886,Christian,Khan,johnsonmelissa@yahoo.com,49r@K(GgpTn2
885,Jessica,Patel,qcollins@gilbert.com,!o5(k3u6$OGb
884,Sarah,Stark,kelleydarren@hotmail.com,7aj(5PbL&^_7
883,Teresa,Pham,michael03@yahoo.com,u9Y_NShQ4bIT
882,Elizabeth,Ramirez,randy34@mata.org,G^1Rcu27a&qZ
881,Elizabeth,Miller,moralessamantha@foley.com,Q0&)RabwaqaM
880,Ellen,Faulkner,cabrerakaitlin@gmail.com,)L3B6twXhdy2
879,Cathy,Gill,fullerjacqueline@smith.biz,XxJl5YM$4O#!
878,Evan,Chavez,thomas63@yahoo.com,06Fy%wv+(XKN
877,Charles,Reese,joseph24@mack.net,#7YYfy!7yUXb
876,Alexandra,Short,aprilmacdonald@christian.biz,^kL@j*OK85HA
875,Emily,Lopez,wburton@yahoo.com,zqaQEUDw((7C
874,Melissa,Brock,johnsonevan@gmail.com,Pn1iCdHs@imZ
873,Sharon,Wood,amanda32@gmail.com,!BH5%(qU&3TJ
872,Susan,Bowers,wgarner@yahoo.com,HD(ankYtc(2Q
871,Jamie,Jimenez,brooke07@glover.org,nt%hsFK3B_8Y
870,Robert,Fleming,jonathan50@holmes.com,)FqM7oKn3z!X
869,Richard,Armstrong,mariamiller@gmail.com,qVG24Dlhklb$
868,Jose,Wilson,rogersjulia@walker-herman.com,Yi7&5bJm@87I
867,Caleb,Savage,nancy18@yahoo.com,&PBUS2dr@y9i
866,Stephen,Johnson,rebeccaflores@yahoo.com,&aYDYwyc4w^@
865,Michael,Sanders,debra96@hotmail.com,MLd&(t_4&wX3
864,Anthony,Clark,baxterbrandi@collins-gonzalez.org,j#6+PMsn^i!t
863,Ricky,Bell,ross42@smith.info,kl0PJmJDz!WI
862,Jay,Davis,pmcintosh@wallace-kim.com,)I7G4&ykJ66f
861,Mary,Taylor,iwheeler@yahoo.com,+!4(B*Lob&QZ
860,Kimberly,Parks,wjohnston@moreno.net,&cG+zOY8A4dh
859,Brenda,Fletcher,bettyjohnson@stevenson.com,#cpCSeso9m#^
858,Thomas,Diaz,tonyjohnson@yahoo.com,j+KnYynO#w2(
857,Mary,Ward,matthew81@gmail.com,_k4uG@A&@5NQ
856,Sophia,Gonzales,carl73@yahoo.com,(6Po5QaO43jv
855,Jimmy,Crosby,leemichael@preston.com,$ksGO*SmE1FC
854,Logan,Griffin,thomaschristina@koch-davis.net,91(&h@O8Q%Fd
853,Peter,Edwards,umcguire@yahoo.com,^0jePbg&w&K6
852,Ryan,Crawford,srodriguez@brown-hale.net,r$HsU)mY%cG2
851,Audrey,Wall,debralee@yahoo.com,fagzS5huk+5S
850,Adam,Stephens,harristyler@murphy.com,(mMsWdIpP8O0
849,Alan,Anderson,benjamin38@hotmail.com,3#w798Fq)ijA
848,William,Davis,andrewsandrea@thomas-dunlap.com,l9ZXkD6S^vQm
847,Sydney,Lozano,jennifer29@glass-bailey.com,^0MhGR9s%Zmh
846,Karen,Hudson,josephlewis@gmail.com,&jALOqlD8@hR
845,Richard,Bell,richardfreeman@hotmail.com,^5vKET@qt@R0
844,John,King,epugh@aguilar.com,+@8#_cuyFeW6
843,Alicia,Hudson,samantha76@fernandez-rodriguez.com,!)1pM%eg1QeM
842,Teresa,Mahoney,wcook@hotmail.com,gb9jwuiYR_oZ
841,Christy,Hutchinson,judy26@mckenzie-black.net,$0WzkXU2&5ZQ
840,Michael,Garcia,sethwilson@gmail.com,%%ckY(DrD6So
839,Nicholas,Simmons,brianrodriguez@gmail.com,_o2WyRRzp(TU
838,Glenn,Garza,deniseramirez@yahoo.com,p%&yTk$CEB6A
837,Matthew,Murphy,awalker@williams.net,a#G#pmP8St0e
836,Joseph,Miller,garnereric@hotmail.com,46ca%utseSH&
835,Lisa,Jimenez,pamela32@freeman-prince.org,fhc$1fGpg)VW
834,Jared,Montoya,karen87@gmail.com,qPk4JeOwwby!
833,Margaret,Bradley,lalvarez@gmail.com,*I*Tb^ipTD89
832,Heather,Miranda,michelle99@hotmail.com,&9PkyWxomR)G
831,Harry,Bentley,carlosjones@yahoo.com,#KaNuxHaUZ9_
830,Jennifer,Chen,lindaholt@wright.com,f4_NAtb1R+8M
829,Erica,Garcia,wilsonsharon@baker.net,qhnIE(xv)7_o
828,Bobby,Wells,lmorgan@bates.org,(3w89RTk1YBJ
827,Ian,Gonzalez,erika72@gmail.com,$7HTvusR)6vs
826,James,Garcia,gbolton@reed-west.com,3zMm0SHNB^G)
825,Heather,Rivas,kwise@yahoo.com,cu7QH4Bbjq)e
824,Samantha,Sanders,castrodeanna@smith.com,4E^Wqg^Skk5I
823,Anne,House,manningscott@gmail.com,@@m%lVI*Bi1L
822,Harry,Walton,dramsey@gmail.com,TIUzrkskK^7$
821,Karen,Torres,abarber@yahoo.com,^QBH_uvC@7Z2
820,Jason,Ferrell,donjames@massey.com,31K4mGhl*9bc
819,Katherine,Dalton,monroekristi@gates-freeman.biz,vNSIiEuj6a4!
818,Crystal,Vaughan,theresanelson@hotmail.com,()_NntkXF6GF
817,Vicki,Taylor,hhall@gmail.com,^LHIGd*m$%l5
816,Raymond,Johnson,charlottewilson@hotmail.com,)qc2F!3rbgET
815,Margaret,Jordan,qbrown@hotmail.com,n&7NC!tU*_9i
814,Donna,Walton,ssullivan@nixon.info,47H!3c$ePt4L
813,Craig,Watts,williamclark@hotmail.com,sy++njKS(X5B
812,Alexander,Olson,bradleyfigueroa@yahoo.com,x)^yE3uYAlx4
811,Deborah,Carson,belldustin@yahoo.com,41t+Wfky8YWe
810,Kathryn,Chen,ischaefer@murray-burke.net,^@Iwp9pW8US!
809,Trevor,Berry,escobarmargaret@hotmail.com,_lVTCoIb4J0Q
808,Garrett,Gonzalez,travisrodriguez@hotmail.com,f6J77Vv%4@((
807,Randall,Black,brownalyssa@warner-hernandez.com,cLrL$RemB*22
806,Tina,Cannon,daniel25@yahoo.com,g@jlIDqS_#y3
805,Marie,Garrett,tammy80@yahoo.com,Q003_pdo#xG6
804,David,Garcia,zhouse@gmail.com,$zhg7YIl2xF(
803,Jason,Thomas,palmerdavid@hotmail.com,_GR6!zTjB4eA
802,April,Williams,amandamontoya@brewer-jackson.biz,K0WxWBkm(6SI
801,William,Smith,robertgarcia@hotmail.com,j!nxQtic#0bM
800,Linda,Peters,reginald51@ward.biz,)k3Cx2vmG$9X
799,Patrick,Hayes,lhall@hotmail.com,_5Db%^iA1Rw1
798,Kelly,Jenkins,shannon15@le-gomez.com,A)x5C@vda%sK
797,Michael,Acosta,williamsoncarla@harrison.com,o_2A2Iq9fX)S
796,Katherine,Mccullough,gallegosgwendolyn@gibson.biz,c(+8Nv45nVLn
795,Victor,Berry,melinda99@hotmail.com,)_qF6kZjX0Z@
794,Stacy,Arnold,masonkevin@tyler-harrington.info,ZHahFoiFs@10
793,Michelle,Jones,patrickmichael@yahoo.com,Jd)5UttL9tg6
792,Amanda,Hernandez,brendacain@prince.com,#nSHWzbgp%2A
791,Matthew,Brooks,cherylgallagher@yahoo.com,*F%MTkPW68SY
790,Chad,Lee,claytonrobert@chapman.org,fc9n5PpefcA@
789,Melissa,Wood,becky60@smith-mccoy.com,)^BBot9+0%+z
788,Michael,Walters,ubarrett@yahoo.com,#8c6!C7DlUIa
787,Elizabeth,Jones,icallahan@gmail.com,84N9UIfZ(T!C
786,Nicole,Warren,irussell@hotmail.com,_6hRoX2dtYqM
785,Devin,Morris,jerome77@gomez.org,+WCR7G1g1fQf
784,Natasha,Madden,samuel56@graham.com,h(5)sQAw@zed
783,Thomas,Gill,anna88@carter.com,@e6b0^Kj5t93
782,Wayne,Parker,fgutierrez@yahoo.com,7JYa026b!*H8
781,April,Bishop,brettsmith@yahoo.com,RcZ23zw6%6SD
780,Jenna,Harrison,rangeljessica@hotmail.com,x_kA36lMey0A
779,Alexis,Lambert,johnhernandez@baxter.com,(5YWxnpk!6Ea
778,Pamela,Simpson,vflores@lewis-gates.com,(oPc#4GPn7Zs
777,Bobby,Mayer,kalvarez@yahoo.com,^_2RhHun%md6
776,Daniel,Gregory,cfisher@brewer.com,6bGu_EAV(35p
775,Mark,Wade,james61@hotmail.com,PAz&5BqLpw%)
774,James,Jones,gordonrobert@church-boyer.com,_$7(5BqB8a$)
773,Phillip,Simmons,ywilliams@yahoo.com,(p5VaON)6PjS
772,Nicole,Thompson,transcott@hernandez.com,GS417agk@ndM
771,Krista,Tyler,diane46@hutchinson.com,^Fq9XuN3*!!2
770,Jacob,Murray,alisha26@gmail.com,+$73GTBibp8u
769,Charles,Stewart,bradley55@jackson.biz,^XZ!vIo4L30B
768,Darrell,Lowe,diana46@wallace.biz,1(L!cPq96B5W
767,Deanna,Figueroa,kenneth87@ware-simon.com,)GYLXkIA$u#2
766,Benjamin,Kelly,rodriguezvincent@allen.com,B%c9AYv8+Dp@
765,Andrew,Velazquez,brianlopez@yahoo.com,&aWVqyDTHv19
764,William,Baker,ygordon@gmail.com,8f+djUxqbg9h
763,Courtney,Watts,mooreshirley@yahoo.com,&6^%(Yl)kBVJ
762,Brandon,Humphrey,qjohnson@gmail.com,@g1U8h7g0e#N
761,Glen,Montoya,kimberlyhopkins@norman-berry.net,IPgh8Xe0)Lm@
760,Charles,Mcbride,daniel27@hotmail.com,qg70EOiA*3fh
759,Jessica,Johnson,mathewaustin@ruiz.com,%7OadTfx(G4H
758,Joseph,Smith,ericliu@nichols.org,^GViSivxG1T6
757,Haley,Coleman,andrea34@gmail.com,(1CMgslXH8QE
756,Robert,Jones,xmayer@yahoo.com,acnt8Vu(%fZ!
755,Danny,Reed,kennethgrant@yahoo.com,Lv8yA)lm^B#0
754,Dillon,Andrews,emilyroberson@burns.info,tJL+8!AmQmo^
753,David,Duncan,qschneider@martin-mason.com,zQoL@bM!&8HB
752,Joel,Wright,elijahphillips@elliott-jones.com,&OW@&0BrP#Cn
751,Sarah,Williams,sedwards@gmail.com,&#5gL6DgPXog
750,Ryan,Hernandez,michelle40@gmail.com,%!8eVlIjWWHO
749,Elizabeth,Scott,jesse39@guzman.com,!ekRA3Jg#k2i
748,Lee,Black,kellybooker@yahoo.com,^TMbJ)c^^FN1
747,Raymond,Pierce,christy37@white-bennett.com,)8Dh0eceb8cH
746,David,Nichols,benjamin20@wright.com,W@ED5Usf^8rC
745,Douglas,Taylor,kenneth04@clark-jackson.com,8gD$BjT!_LvZ
744,Thomas,Smith,lhudson@williams.info,7MGOdngN(T7J
743,Michael,Morgan,vincent97@hotmail.com,(3pf4Spm0SLp
742,Melinda,Mcintosh,coreydyer@yahoo.com,S5l&pOp%$63g
741,Jennifer,Myers,kellygreene@gmail.com,!0PLrKi37J4r
740,Thomas,Lara,clarence43@kerr.biz,5w1Hfkkz(l*_
739,Joseph,Jones,courtney11@cooper.net,XIkCB@#p)e1n
738,Ruben,Clements,ujones@gmail.com,I^d9oV3+2$6H
737,Mary,Rios,thomas18@williams.com,s9kfk_Z1*QHv
736,John,James,pamelamckenzie@davis-fisher.com,j4_i4B2xJ0j7
735,Andrew,Owens,kennethwade@gmail.com,O!8ALq@qdANi
734,Donald,Alvarez,rwright@hotmail.com,%aoBYZsKT48I
733,Debra,Meyer,parkerkelli@ryan.net,$2Mx^i&qZ$2j
732,Sara,Graves,katieparks@hotmail.com,!w@MGM+iNts1
731,Stephanie,Reid,tamara26@gmail.com,%)XDAmEs!U5j
730,James,Hampton,jesseholt@porter.com,LG@Aa#_Qk(2U
729,Arthur,Anderson,shepherdcharles@graham-lane.com,v1IAMIWh+#D&
728,Cindy,Wolf,harrisjames@johnson-hess.com,^r!pmk1jX41T
727,Kathleen,Castillo,stephenschristopher@lee-harding.com,d03QFjBj%hhx
726,Gary,Cantrell,biancaglenn@walker.com,P%A9CfwX*olA
725,Russell,Grimes,jerry66@yahoo.com,876G1iHA&o)t
724,Robert,Huang,sharris@miller.com,umsK&w*u%1Zb
723,Jennifer,Williams,hessdavid@morris.net,Ml+W6LyIqO+3
722,Brian,Miller,rhammond@moore.org,)dEhhA+j!0V4
721,Sarah,Cummings,amandajohnson@yahoo.com,!E_%V%iQb6V_
720,Carla,Yoder,ashleyrivera@yahoo.com,6$*3Hpy3nu89
719,Melissa,Ramos,emilybenson@yahoo.com,$Y8RgujT*se9
718,Thomas,Holden,samantha46@howe-ruiz.com,aa90MHmVp$WX
717,Eric,Garrett,adamsmatthew@rogers.com,9#2MEz@!i1tF
716,Susan,Oliver,bishopgregory@yahoo.com,L7vXGY@e#vz$
715,Tanner,Parker,mwillis@yahoo.com,uF2rQ%$kn^6P
714,Anna,Hicks,jimmytaylor@gmail.com,K2aPantg8SD(
713,Robert,Gardner,erivera@atkinson.com,YLr$iTvq20oH
712,Robert,Hill,tiffany59@hotmail.com,)1l2NV&l3%Qn
711,Andrew,Morris,tina87@mann.com,*gZzhewLP1VV
710,Jesse,Jones,christina64@hotmail.com,Bul@Hels1)X6
709,Amanda,West,vanessabrown@yahoo.com,sG4FK8Ik0!Lx
708,Christopher,Shaw,bradley83@gmail.com,5W^P9I@n1!^P
707,John,Williams,williamskristy@brown-ho.org,J&3*x3PdZV&9
706,Edward,Irwin,ryan82@hotmail.com,mlLK^KlKZ#B9
705,Charles,Moss,daniel48@perez.info,*d8z8Me+fnC@
704,Victor,Martin,ryanjanet@villarreal.com,0l+Xgjn4U9P+
703,Ashley,Brady,kaitlinward@carlson.org,v%8BYQtzdzd0
702,Mary,Orr,katieraymond@hotmail.com,Ntr2xNKya$5m
701,Eric,Conley,william26@hotmail.com,cN2Zyf#0nJ9(
700,Stephen,Steele,browndebra@hotmail.com,c5V$iXU#$iD3
699,Vickie,Moreno,markdean@flores-stewart.com,++Ss5Cel(7(M
698,Valerie,Haynes,tvelazquez@gmail.com,2sLIxU2d)8&G
697,Erin,Lopez,jerry91@hotmail.com,X%tIlcu%(2A+
696,Michael,Hess,bucktimothy@yahoo.com,F^joPVJv%*8N
695,Zoe,Huff,andrew12@gmail.com,wU9VW_$pv^@a
694,Justin,Lynch,shelia36@fuller.com,Lo1vSZky@(1C
693,Robert,Garza,brandall@yahoo.com,)uI6EWzg8#0X
692,Deborah,Farmer,vparker@hotmail.com,5V*7YdZq&5l^
691,Brian,White,thomasmichelle@hotmail.com,vB$LTuwjZ*l3
690,Jerry,Valdez,abartlett@gmail.com,8&U5Q&@ydOOl
689,Felicia,Nguyen,laura45@everett-morris.net,e&735ceIh5&O
688,Michelle,Stone,kevin19@yahoo.com,N%p1KxV6Ear8
687,Raymond,Taylor,andrew59@yahoo.com,0^Ho%cuF#8Dj
686,Joseph,Vega,gsmith@washington-vasquez.net,M4ap+^Pg(kEd
685,Malik,Chandler,tylermcdonald@yahoo.com,&C3N+qAWTG9W
684,Terry,Brown,jessicasmith@yahoo.com,@SL0Rk6l+5CV
683,Linda,Rose,gabriellewilliamson@hotmail.com,h6)g1Xfic+1N
682,Martha,Chavez,alexander68@yang.com,!6MKwJ$bn2A^
681,Kristina,Wells,hunterschneider@savage-thompson.com,NT6Cmtds(cQ(
680,Mary,Farley,derekray@hotmail.com,9O7ZXVdqSfA(
679,Christopher,Hicks,glenwilliams@hotmail.com,Y2+GPB4c8$F6
678,Jenna,Garcia,arnoldmichelle@solis.com,752O*du8cd6!
677,Christine,Myers,emily07@jackson-simpson.net,qMmDLVas_e0I
676,Victoria,Reed,vasquezdeborah@oconnor-meza.com,BQB#f$fSQD5G
675,Joshua,Cruz,smithdean@hotmail.com,!9pwRQ8+%tez
674,Jonathan,Young,tbanks@silva.com,nn%XLBvlbJ_8
673,Brandi,Riley,goodmanlauren@gmail.com,$!5@Z7CreY3j
672,Jason,Thomas,dphillips@yahoo.com,$pRGL5lvTP0T
671,Krystal,Skinner,joshuaprice@gmail.com,#^m5Vwg5@u27
670,Daniel,Aguilar,mmcgrath@townsend.biz,fM00kXYR(%YX
669,Alexander,Adams,dgreen@rhodes.com,C55AqPah@G_w
668,Kathleen,Hill,jbrown@gmail.com,Qu(3T1Tm&6%u
667,Heather,Moreno,ryanmichael@butler.biz,+$7Ck3QqPNVF
666,Christy,Robinson,harveytracy@moran-moore.com,$$*IZ4Cw&zb4
665,Chelsey,Bennett,shannonthompson@hotmail.com,_oUGHe+31@3s
664,Sarah,Johnson,osanchez@harris-hoffman.org,gn3pXV5f3)1Z
663,Tanner,Wiley,harristheresa@coleman.biz,#gKiGVJm37XJ
662,Nicole,Wagner,loriphillips@yahoo.com,&A)@F0U1z1Cx
661,Adriana,Webb,zle@wright-spencer.com,$RwL3oOc2Lay
660,Charles,Williams,ghebert@wright-pittman.com,(jAuuw9Y0$9F
659,Dawn,Johnson,charlesgreen@gonzales-perkins.com,6I(Ux$W7#@1A
658,Benjamin,Schultz,rmann@gmail.com,9#2*((0vI7oU
657,Rebecca,Mays,morastephanie@zuniga.com,l!*ZIDgz8_g9
656,Shane,Bell,cindy31@yahoo.com,r_ebTM%t&3OD
655,Taylor,Parker,jessicalopez@thomas.com,nS)WLj4f5157
654,Anthony,Mason,moorejohn@yahoo.com,Ab2^_(Dq6@l@
653,Kenneth,Payne,barnesglenn@carter.org,D@7_w)H_4tuN
652,Tonya,Scott,bking@hotmail.com,B+Mg5Wap*7Qn
651,Andrew,Colon,cgonzalez@gmail.com,5&acWJrq&71(
650,Stephen,Lopez,margaretramos@yahoo.com,0##4WGgb5I%O
649,Theresa,Solis,jonathonfaulkner@yahoo.com,Fz(xWwMmel8U
648,Cathy,Alvarez,logandarrell@yahoo.com,xln1lOEaB@(M
647,Tammy,Perkins,michelle43@gmail.com,T6+2cfnW+G3K
646,Matthew,Robinson,bdavis@jensen.biz,8ah!1A4sQ5*M
645,Anita,Richardson,bhall@gmail.com,KqDyYNqo^)0O
644,Nicholas,Brown,weaverdeborah@hotmail.com,!8uQ(PDaY7S!
643,Sheila,Gallegos,christopherstevens@carter-brown.com,MjCbZi04$1D3
642,Franklin,Brown,katherinemartinez@hotmail.com,s#5(hrxNoKI_
641,Amy,Norris,owensbrian@francis-chen.com,AMl5P@DzN$l$
640,Meghan,Parker,stevensrebecca@gmail.com,!g#Tw(0U+8g^
639,Jennifer,Johnson,melissa27@yahoo.com,R*2qYTrhu%b4
638,Robert,Carlson,jimmyweiss@odonnell.com,WV24JjYgRQ#c
637,Philip,Zimmerman,sharperic@keith.net,Fh16R(wx(n1x
636,Matthew,Barron,jennifergonzalez@glass.com,(4Ws5Cwr)$Me
635,Stephanie,Spencer,jeffreyjimenez@allen-adams.biz,d@eib2peeV3I
634,Kelsey,Walls,gina17@yahoo.com,NUyES(DsS44(
633,Elizabeth,Brown,copelandhailey@yahoo.com,No2rRGRk@dw2
632,Todd,Miller,zmartinez@hotmail.com,Q9WP)yzn*R3v
631,Ashley,Jackson,tracy21@yahoo.com,oG#hAQvsp*2a
630,John,Erickson,jerickson@gmail.com,S$5@u^*M&yyJ
629,Joyce,Pollard,rebeccastewart@rodriguez.com,_0UM(mqEqXcF
628,Anthony,Burns,vickiegonzalez@gmail.com,)L2Ac9_t#TxB
627,Kimberly,Davidson,david98@mitchell.com,CfNP%lnt(0HC
626,Jennifer,Jones,christopher65@lewis.com,%eQH6sZiK7r9
625,Ann,Estrada,brooksjames@gmail.com,S#7VgCoM_3X6
624,Leonard,Bailey,gregory69@yahoo.com,FiL35Cxcje$9
623,Crystal,Jones,paul80@yahoo.com,Z_Zi4Imv#RB9
622,Bruce,Buckley,davisvicki@hotmail.com,KtA6XM&Z%7m(
621,Lisa,Schmidt,cainshane@yahoo.com,@@JtIxkR_T2S
620,Megan,Holmes,kimberly72@hotmail.com,%0$*Y_moH(jU
619,Daniel,Matthews,connie06@hotmail.com,218Kc&eb^F6d
618,Jessica,Jackson,kmoody@gmail.com,!tMSdDdl!G@6
617,Christopher,Horn,janice14@gmail.com,J)vNskg#u5U^
616,John,Perez,ngiles@spears.biz,Gp!UJqr0_Qv5
615,Brandon,Tran,brownbrent@espinoza-douglas.com,OuFY4H1Y9#bb
614,Andrew,Cooper,newtonjustin@gomez.info,j1Rr7M*b&$U(
613,Ryan,Guzman,kmontes@williams-russo.com,2*YaA!zvaG5$
612,Mason,Mendez,brownashley@gmail.com,38E45KJu(on4
611,Dan,Morris,njohnson@hotmail.com,2_VNu3zw%@bI
610,Stephen,Barron,jesse18@gmail.com,EX4+0Hmw#l3Y
609,Sergio,Tate,garnermichael@cervantes.com,&4Lh0prWI39R
608,Amber,Hunter,williamsnicholas@webster.net,!3Zhzl^rtoSH
607,Patty,Buchanan,hriley@yahoo.com,jAT+90I712Kq
606,Linda,Li,allison32@hotmail.com,IANAmkN)#X6J
605,Kimberly,Silva,randyallen@gmail.com,*e6ZZFMfDi%z
604,Shannon,Curry,casey33@ware-tran.com,!6J6Q9lsEzzS
603,Jamie,Warner,vthompson@yahoo.com,T8Jxu$*B%Lee
602,Aaron,Moore,ibray@gmail.com,_3pPxQ%e3SYb
601,Bill,Avila,jjohnson@gmail.com,fSN^9LusD&Tx
600,Cody,Frazier,plee@wilson.org,T)UFErgb3tr5
599,Alexander,Mosley,michaeljones@hotmail.com,wbBp2k4XX)2U
598,Brenda,Salas,williamsbetty@sutton-baker.com,!*OM1muO#9Cn
597,Angelica,Mendoza,marcoramirez@booker-hicks.com,ss0DC0Wz)zNp
596,William,Petty,moorealicia@howard.org,4dc_ABAI(tYt
595,Malik,Stone,john17@hotmail.com,Ok9quia#w@N#
594,Justin,Jimenez,ywatts@bauer.net,$97_nmvYC2KW
593,Jason,Rodriguez,adamscynthia@gmail.com,I3kZJi+y(q43
592,Richard,Johnson,riverabarbara@gmail.com,u9VIBoQPZT8+
591,Kevin,Bates,tdixon@barnes-martin.com,z!hs3Yoefpe4
590,Rebecca,Welch,bakergary@flores.com,__dH6YeV9u9S
589,Gary,Torres,mjenkins@gmail.com,v)6m62FgnUFF
588,Bonnie,Ortiz,ycarroll@white-spencer.info,@4i7qwjnkI!Q
587,David,Thomas,doylepatrick@hotmail.com,ZGL8K4)f2T*R
586,Oscar,Clark,dgreen@yahoo.com,y&n6Ma^!11ek
585,Annette,Guerrero,beverlyvasquez@gmail.com,XD)pVtVy5c2e
584,Timothy,Terry,dmann@knight.com,CD2jq#4s+s8Z
583,Thomas,Peters,yclark@scott-weber.com,30DFD9s4srF+
582,Lauren,Montoya,frederick59@parker.com,g4TLfcnd_j*8
581,Jacqueline,Park,lisajackson@gmail.com,C4$GCMPk(HCy
580,Robert,Sutton,wacevedo@gonzalez.com,#)9n)yUdxV9V
579,Roger,Parker,kelly96@hotmail.com,r5OHs$0f$g6@
578,Jack,Walsh,zsanchez@yahoo.com,M83dYlsaf$xk
577,Michael,Willis,parnold@dyer.com,&7V&W@D()4Kq
576,Heather,Cervantes,lisa20@morton.com,F7Ih9QxCJ!6E
575,Justin,Phelps,xballard@yahoo.com,^7IVgLqrjx3i
574,Tony,Martinez,castillomary@gmail.com,Uw5aStzp(9s%
573,Sheri,Taylor,nkramer@gmail.com,wUjA_P5nb&7v
572,Joshua,Garza,craig51@smith-gilbert.com,_@tP4Xb0q@dB
571,Lisa,Black,stanleyvincent@gmail.com,$O!JDYhT23Va
570,Kevin,Stevens,thomasronald@gmail.com,dGfcof#A6jW^
569,Michael,Griffin,williamcasey@hotmail.com,k_X5PhkA%XA#
568,Emily,Obrien,nicholas99@hotmail.com,G395Ialt0&1c
567,Jeanette,Farmer,vanessahenderson@yahoo.com,)r53Ke6Nf76(
566,Mathew,Friedman,rodgersbrandon@hotmail.com,*u9ALxwhuKkw
565,David,Wyatt,brian52@sanchez.info,yRJTsinU)8oA
564,Justin,Oneill,carrie06@lyons-robbins.com,*)lBYXF^w1NP
563,Jennifer,Olson,yvonnewilson@gmail.com,K6E!1B@xLf%F
562,George,Harris,samuelthomas@yahoo.com,DlftuU_e)4Y(
561,Austin,Black,jeremy00@hotmail.com,QF9Nf8wxU^MN
560,Matthew,Richards,sbailey@yahoo.com,7&L8wm+f&ymD
559,Jenny,Ortiz,shelbygordon@hotmail.com,lA4GdOj+!)@Q
558,Darryl,Leon,anita15@gmail.com,_KHs2BvTS9P6
557,Eric,Lopez,hortonnancy@king-silva.biz,y8PkdyNbRsM+
556,James,Mathis,btorres@diaz.com,AD#71QrdWFTz
555,Lauren,Young,andrepotter@gmail.com,uxtLE_Rz0p(7
554,Michael,Martinez,romanwilliam@ramirez-jordan.com,l@0zHYnqkopV
553,Rebecca,Peters,russellkatherine@hotmail.com,47JgeNEH!OKU
552,Michael,Palmer,jamestom@smith.net,#)4UsrEFTLA6
551,Michael,Parks,nicholasschmidt@garcia-james.org,ZCB(mOk*m@6m
550,Raymond,Bird,mccartypaul@kennedy.com,w0I9KqGgbF@T
549,Michelle,Nguyen,lopezangela@rios-anderson.org,QA7J9Mz#LVx#
548,Brittany,Jenkins,danny79@gmail.com,y7ZX!Maw@MC4
547,John,Phelps,derek67@sullivan.biz,*85F0i&er8lz
546,James,Armstrong,russell63@gmail.com,#GP3PHdf+r2i
545,Angela,Wilson,williamsaaron@li.org,t)8$vsZndXFJ
544,Dawn,Ortiz,shelly26@love.biz,^pTN6gLh(6IM
543,Juan,Obrien,williamsmichael@yahoo.com,^A%90IchfhVX
542,Janice,Arias,caitlin55@tyler.net,5TL^EZbM_OOM
541,Jessica,Pittman,sean77@nguyen-chen.com,nhAZBJZ!(@22
540,Martin,Collins,ldavis@gmail.com,#5hSp$Ng@48Q
539,Alyssa,Tate,katelyn49@gmail.com,^m8LNxMwx%4y
538,Crystal,Butler,garciahannah@phillips.com,VcG_5T8cs&LP
537,Rhonda,Barnes,hjohnson@walker.com,wY2Vxi2!W)cY
536,Timothy,Delgado,autumnphillips@gmail.com,KVi48rQeRf&%
535,Darius,Reyes,gary93@yahoo.com,+*y*o2GjML4K
534,Amy,Kemp,lfreeman@hernandez-lawrence.org,@#2Stf#!$G+D
533,Jennifer,Mcmillan,ajoyce@gmail.com,$#03gUMuo3L5
532,Christopher,Jones,zruiz@perkins.com,n89CvMrQ+5%e
531,David,Porter,ocunningham@ellis.com,M&GN2TcEnTN!
530,Michael,Nelson,hvalencia@kim-shelton.biz,JCJFHNEh*Nj5
529,Angela,Reed,qfarmer@hotmail.com,s%2cHgF02_bs
528,Christopher,Maldonado,qriley@kelly.com,A@4D_9NdnXQ2
527,Wyatt,Hawkins,ryan64@gmail.com,X&8LIjzoYy!B
526,Joe,Schmitt,dustin00@hotmail.com,5X+Zm9gH_Q9q
525,Jonathan,Smith,danielsalisha@hill.com,Hkq85ViT0z(V
524,Adam,Turner,timothy76@arnold.com,%F9HUPcsX)kl
523,Jennifer,Moore,laura94@yahoo.com,V9(cjEk0qNGt
522,Tanya,Adams,qramirez@cruz.com,C%4o(sENGr4f
521,George,Richardson,amanda87@hotmail.com,VO@oysmnXk9K
520,Riley,Davis,adampittman@yahoo.com,#QJFVe2I4anR
519,Shelby,Braun,fharvey@yahoo.com,&HluD+xRP$G1
518,David,Rosario,alan85@johnson.biz,C)3iNwEq*w$!
517,Jill,Contreras,sherrydawson@thomas.com,S*lZvTMO!2_l
516,Heather,Ward,cassidybrown@johnson-scott.org,8%3n7Dfvd+4t
515,Penny,Barrera,edwardmeza@gmail.com,!&(yQNICov!8
514,Paula,Nguyen,vleonard@ross.com,%WIt2+tV@8!Y
513,Lisa,Martinez,clarkcynthia@gmail.com,!RCFtbaLT9nm
512,Rachel,Rocha,ledwards@hampton-phelps.info,^hKqfxv^O5U3
511,Anthony,Rivera,anthonychurch@abbott.net,o#m9FHrU*@))
510,Mariah,Harris,emiddleton@yahoo.com,!p3wmPpw*GFY
509,Christina,Ross,simmonssylvia@garcia.net,vYxA_9Vt!l6o
508,Frank,Gregory,brennanmatthew@cunningham.com,v6$Lzdsi#KW&
507,John,Roman,jesse29@smith.com,%v5MmryI34&V
506,April,Elliott,martinamanda@abbott.com,vZJE(@hKb@5U
505,Kathryn,Sherman,dawnkhan@diaz.com,K^8sYqlx7luR
504,Breanna,Craig,jorge87@yahoo.com,%4z+vo!WO^XE
503,Michael,Carroll,bwashington@gmail.com,0#J0aVcc4_$_
502,Anthony,Tapia,gallegosjessica@johnson.com,#M5$TYa*Br_h
501,Jennifer,George,hayden41@bell.com,7(YmQqaEZw1j
500,Christina,Norman,xaviercraig@gmail.com,@0XbtkxZ!j)W
499,Maria,Mcconnell,smithpam@gomez.biz,(&3^L@!yzx+c
498,Eric,Mccarthy,julieparsons@sullivan.biz,$yP_Q5s^d)8P
497,Frank,Miranda,dustinmedina@smith-dawson.com,wrmO*_4x+5ME
496,Nicole,Stewart,christinajackson@gmail.com,WsGY5xrTh4#@
495,Kevin,Yoder,mary04@gmail.com,U)4Wcd)e0@$_
494,Samuel,Griffith,moraleskristin@gates.com,)o2Evo@C2APo
493,Thomas,Romero,reynoldsjessica@gmail.com,6%0Yb)^cW@#D
492,Cynthia,Rose,kellystephanie@hotmail.com,ytiJRi3t9&8@
491,George,Bradford,farrelljulie@hotmail.com,P9&+mYi@$*fW
490,Christy,Sullivan,jrodriguez@hotmail.com,G(+(1PQuGgCA
489,Johnathan,Williams,kathryngolden@gmail.com,&*gON&uWjW2F
488,Sean,Juarez,crystalsantos@yahoo.com,0gBllfW+$EKL
487,George,Harris,alexander78@barrett.net,E$bHry82dd44
486,James,Howard,kathryn02@hotmail.com,7@E*i2WiV#HQ
485,John,Smith,keithgray@cruz-fernandez.com,c5y8Vn(D*)Fj
484,David,Freeman,pagedeborah@martin.com,vrp@9hzfm0aX
483,Tina,Moore,daviskathryn@hotmail.com,%3XFeALdgCUo
482,Jennifer,Jordan,calderonlisa@gmail.com,78nVCnDo+EsU
481,Robert,Martinez,htaylor@hotmail.com,s#8RWNcxU10X
480,Stephen,Browning,haaskelly@gmail.com,J@!)Gj7qJtJ4
479,Tara,Bauer,simpsonchad@brady.biz,S*964HuJ8+4C
478,Colleen,Thompson,amy67@yahoo.com,f0WNNegC%_c4
477,Dana,Chavez,michaelharrison@vincent.biz,%jJWbr&v@2Vw
476,Howard,Burgess,matthewssylvia@patrick.com,@XQ4HZ2wy04k
475,Jamie,Castaneda,charleskrause@roberts.net,7I2iFxY4$Is3
474,Benjamin,Moore,paulrodriguez@wood.com,dUP1WPeyUb#D
473,Thomas,Turner,ashleyjackson@bailey.net,6BBKwldo+32n
472,Lisa,Rios,hernandezsamuel@gmail.com,3gaUr^sl@W_y
471,Samuel,Noble,msexton@clark.biz,h$4rnuA!uUVU
470,Allen,Huffman,anthony17@cole-taylor.info,+uAOfVnytv9S
469,Abigail,Rogers,ferrelljames@santos-reyes.com,DZ0%ep72(jTW
468,Catherine,Pham,markroberts@hotmail.com,#^sGWpEoV5go
467,Miranda,Aguirre,reesechristopher@hotmail.com,z2l&ayxWbRER
466,Katherine,Garcia,smithvictoria@edwards-vazquez.info,(r9Cj(N3J7Ta
465,Sarah,Shields,guzmanangela@hotmail.com,#m1B5zDol3wt
464,Rebecca,Mcdonald,justinblair@snyder-moore.com,$n7S&G@zyO!j
463,Julie,Evans,joanneyoung@hotmail.com,ffcq6JBn($n2
462,Lisa,King,dbernard@yahoo.com,C2!Tx26^9(K&
461,Elizabeth,Moore,penalawrence@yahoo.com,&7UuQyPa0@r$
460,Danielle,Lopez,john05@yahoo.com,4O8PL1Ihi$Q(
459,Samantha,Griffin,itownsend@harper-schmidt.com,%8ac7e6K(2TM
458,Melissa,Long,teresa04@gmail.com,%5Y@593l9A&k
457,Devon,Peters,sandyconner@yahoo.com,wjPSSHggN!5Q
456,Nathan,Johnson,crystal76@yahoo.com,O3lrqFFS+GCn
455,Kathleen,Sanders,lspencer@luna-matthews.com,#nq9zMKnct#k
454,Tiffany,Rios,npeters@yahoo.com,xWX61sCa@kkP
453,Kathleen,Dixon,natasha07@carter.com,&6#0Y#Eq6$#I
452,Christopher,Wolfe,jonpalmer@yahoo.com,o(Sb55RqJIU9
451,Ashley,Brown,brennananna@villarreal.com,*4n2P^Is!4lF
450,Jamie,Holt,jessicahardy@hotmail.com,x5v@pzTvHMZK
449,Sheena,Franklin,wnelson@yahoo.com,lEGhtOSwI&K1
448,Brian,Mcdaniel,cwong@novak-walsh.biz,c2uz5h08#0zJ
447,Michael,Nash,sean15@jones-thomas.org,)^gt1cQzM(^)
446,Natasha,Christensen,vwright@hotmail.com,1!Tyj126_AH2
445,Sylvia,Landry,pdixon@lutz-vazquez.com,_4_!DC4h^ogB
444,Mary,Smith,dsanchez@yahoo.com,I(bh8U^q_IIN
443,Steven,Fox,bradfordjasmine@gmail.com,PC%_U2WlM3t$
442,Kayla,Harris,russellflores@jefferson.biz,U75%KGLb#$E8
441,Jennifer,Charles,joshuaking@hotmail.com,)kcFesZkU0NY
440,Kim,Richardson,timothy24@yahoo.com,I+NKwTZd785J
439,Cindy,Hoover,gordonjames@hotmail.com,g5OXFlBuoN1)
438,Michael,Nunez,francispatrick@hotmail.com,*pNyI^w(%C7F
437,Chad,Schroeder,glindsey@oneal.biz,#Lg+GmFirI58
436,Debra,Scott,michellelivingston@davis.com,_N6ZsTpysQ8e
435,Daniel,Barnes,jenniferjones@gmail.com,MtT+PsYkSIL2
434,Jeffrey,Fields,victoriacohen@yahoo.com,+lazmB)v2XPw
433,Samantha,Glass,hayesrobert@gmail.com,_2GWk%ZH%1Qg
432,Gary,Hutchinson,onealsabrina@gmail.com,Jd&X5Qjqu#Bl
431,Christopher,Marshall,smorris@zamora-hunter.com,!f1(LwuAA14C
430,Mary,Burke,smithdaniel@graham.net,Ju6JtQStC@&1
429,Danielle,Waller,carrie88@campbell.org,&yhYumkz#6KT
428,Danielle,Sanders,zjacobs@yahoo.com,+7VIc0cldUm8
427,Thomas,Logan,kwatson@hotmail.com,89)s5Ki@$iF&
426,Mary,Scott,scott65@curry.com,#kZHcvO5O7&0
425,Joseph,Horne,wendy52@clark.com,^(R*0#Ok90UX
424,Angela,Contreras,tyler96@gmail.com,At#g_Bna$h@8
423,Alicia,Bell,alejandroperez@trevino-banks.biz,y%PSqiNS#2fL
422,Danielle,Roberts,mariemorrison@hotmail.com,^!8j1uMc!P8T
421,Jennifer,Vincent,martinezthomas@hotmail.com,OQ20uXGpU%$Y
420,Katelyn,Johnson,yingram@gmail.com,)b9%zVc^69Tk
419,Gregory,Prince,potterfrank@cantrell.com,%UiOGgTcrF0F
418,Larry,Miller,lopezmichael@romero.com,W@Wo60moSD+k
417,Kristin,Hart,shermancindy@perez.biz,(xNgp#iR6RUI
416,Kimberly,Kaufman,zpayne@gmail.com,v(i@TAsucHR7
415,Kelly,Walters,bduke@torres.org,)E2aG02gs_Z!
414,Ryan,Cook,dorseykathryn@gmail.com,r)t*D+pqNe0K
413,Elijah,Stevens,mitchell04@cowan-crosby.org,^FXTlDOZ14h8
412,Shannon,Green,ntorres@fisher.com,&Ml54LhI@TCg
411,Joseph,Miller,shawna34@kelly.com,j#L63GXu(vxN
410,Angela,Rubio,dominguezlori@garcia-padilla.com,(1qY!vvAmZ4@
409,Renee,Brooks,diana40@yahoo.com,!WK$pgFc8_PQ
408,Jeffrey,Mason,margaretkent@shaw.com,_3fNeUaKuIb@
407,Jonathon,Robinson,qcollier@yahoo.com,BqvNdXkX$5%i
406,Kimberly,Fleming,moranshari@escobar-green.org,b(14PwpE#R4+
405,Maria,Jones,thomasbrown@hotmail.com,S_3XYme*uG4Q
404,Jennifer,Simpson,andrew59@davis-estrada.com,O+@GDk^cZXm1
403,Scott,Peterson,zmitchell@baker.com,h8GzXDDu9ZJ+
402,Kendra,Browning,qcollins@hotmail.com,&96&Rc1emsFd
401,Penny,Roberts,anthonymark@koch.com,&7+0tYcz$n(S
400,Michelle,Neal,nreyes@yahoo.com,+$7jT+gFYdYg
399,Dana,Rhodes,jacquelinelynn@yahoo.com,t420Ys!d*awA
398,Christopher,Perez,perezkimberly@evans-hansen.com,+hI6qmr%_wcP
397,Deborah,Miller,hudsontonya@jenkins.com,^IzfC%SH6nAQ
396,Kevin,Nash,bryanjohn@hotmail.com,04(*RFqy+OZ9
395,Anthony,Abbott,benjamin62@gmail.com,2T&d%ym0!gNT
394,Kevin,Kaiser,johnathanwilliams@gmail.com,KL#k1Z0qcZHW
393,Christopher,Saunders,annsmith@yahoo.com,$8!Dj2Ee2cG7
392,Alicia,Chambers,david21@hotmail.com,$K^kVKjz22QH
391,Michael,Hunter,alawson@richardson.com,4nc76+hJ&7Se
390,Sandra,Carson,jdavis@burton.net,@G^8SMIn$4E(
389,Daniel,Gordon,suzanne40@yahoo.com,2u1sSNmW+wU+
388,Jonathan,Stone,zmosley@yahoo.com,0%*0zjH2!GCn
387,Mary,Wilson,elizabeth49@king.com,2r1tgh_HP*ES
386,Heather,Robinson,samantha25@gmail.com,kUpN2r@z#)66
385,Michael,Ray,katelyn35@valdez.com,@@MvfmR3uq6@
384,David,Mitchell,stephenprice@aguirre.com,&WB4*%3uE4se
383,Frank,Barrett,tyler80@brown.info,V_(0GpFw9v(n
382,Troy,Smith,jamesanderson@gmail.com,Ol6*cLCq!wPt
381,Autumn,Love,dbennett@turner.com,KLA_(zifZ02Y
380,Karl,Green,kingdenise@hotmail.com,Z_u@6+fm+UPN
379,Peter,Pineda,kshah@gmail.com,0I_2m3(P^qvO
378,Thomas,Clark,efisher@hartman.com,&BvIVKid9DV0
377,Lauren,Gonzalez,wilkinserica@hotmail.com,R%p8JuLq*c+W
376,Johnathan,Neal,annettesimon@yahoo.com,GDotHeP_%3kd
375,Michael,Jimenez,bethavila@henry-clements.net,Ic^@YnUA0b1Z
374,Michael,Shelton,leetanya@wilson-patterson.org,$X1UBSMw^Mbi
373,Amanda,Hodge,austin89@lowe.com,81zfHXrs%FBk
372,Stacey,Brown,ericjackson@sandoval.com,fs5N5&KHQ#zt
371,Valerie,White,zmartinez@chavez-hill.com,J)bF6B8cSdkg
370,Lisa,Kim,phillipsmichael@miller.com,v#O03wJu)k3a
369,Michael,Edwards,lross@barber.com,RLUwsupZ@9XS
368,Kathy,Sims,jdavis@gmail.com,72JDY8l0^xVL
367,Daniel,Webb,john20@huff.net,&IFNJXyx*a54
366,Adrian,Miller,milleramanda@gonzales-hernandez.org,+G)XMm7&U_7B
365,Robert,Leon,ylevine@villa-rose.com,+heO7&Lba7W@
364,Jessica,Brewer,lewislisa@robinson.com,_W4lINlcs)$1
363,Vernon,Pineda,eleach@yahoo.com,a@JunXvR+0Qd
362,Matthew,Thornton,kevin45@hotmail.com,_+RcF3a7*2CF
361,Darin,Russell,flam@yahoo.com,G)8!ZPIemj$o
360,David,Johnson,ddavis@yahoo.com,^It&A#YipcS3
359,Connor,Hinton,flynncharles@hotmail.com,Z2Gy%AuW*8Z^
358,Timothy,Johnson,timothyvargas@gmail.com,vJ1Cvz&*q%03
357,Susan,Mckay,iirwin@harris.net,bG&S!f5+Ig8D
356,Jasmine,Young,joshua87@hotmail.com,stAMruHhh44*
355,Lisa,Gibson,williammorris@johnson-robinson.biz,(#+h1LufQR)B
354,Anna,Ortiz,fergusonjames@brown-elliott.com,SgZ&j4GiO3UM
353,Ryan,Ferguson,hvazquez@king-shepard.biz,#TlYT4$pl^49
352,Russell,White,georgeferrell@white.com,z#MyeQrrDO6v
351,Carla,Mcmillan,stephen70@woods.com,&j$3zpxq7LfB
350,Brittany,Golden,frodriguez@brady-maynard.com,!s$SxkZUob0V
349,Barbara,Montgomery,hyang@yahoo.com,_n)55pTp*8ZF
348,Jacqueline,Garcia,sara13@hotmail.com,^n@un4EK91GB
347,Allen,Kelly,kbryan@west-allen.net,#rggieb5)0Yi
346,Warren,Perez,jonesmichael@hotmail.com,pj2oLBbQ9*)2
345,Frank,Smith,adamsalexandra@gmail.com,%i5U^oofD+8d
344,Michelle,Schultz,juliewright@santana.com,(vB4LGpru@i*
343,Rebecca,Landry,ginawilliams@evans-hill.com,9h%wX(sI%CZ2
342,Roy,Williams,johnsonjames@hotmail.com,VGnh37IfBug!
341,Martha,Reilly,autumnrichardson@norton-mendoza.com,TC6I(wCY@8HG
340,Curtis,Chang,wigginseric@yahoo.com,w)40HJk9&Mdu
339,Lauren,Singh,douglas88@hotmail.com,(Vb!qMVd_5ZF
338,Joseph,Delacruz,pattersonnatalie@gmail.com,FV2HmIkn#JN$
337,Paula,Mcintosh,emilyphillips@green.com,#2V3G7f%#W08
336,Dale,Perkins,abrown@yahoo.com,HQ49Og5c_gUV
335,Paul,Dunn,josephsandoval@martin.net,*V*2A^qq1MGY
334,Elizabeth,Mcbride,otaylor@gmail.com,&+uCKLz+S7XL
333,Danielle,Ramos,alyssayoung@yahoo.com,Sf1lomXiW^uB
332,Michael,Wagner,rhonda90@west-ritter.org,J%tc(5DwDMQ(
331,Vicki,Anderson,darrellpetersen@wilson.com,@Y2VLy_xzl7@
330,Colleen,Miller,yperez@hotmail.com,C^CU%YhfKI4)
329,Robin,Brown,xmitchell@miller.com,6dYiytbHH+9H
328,Helen,Jones,ajohnson@griffin.com,Yc70SVtO&^Kc
327,Jennifer,Thompson,russell99@castaneda.com,!&)EUF0lTEj0
326,Samuel,Small,david19@herrera.com,h$(45_Qkw7iV
325,Tyler,Smith,gary56@hotmail.com,9(163Z^eeAZQ
324,Shawn,Wilkerson,ajohnson@wilson.com,M@O9W6%s5neo
323,Thomas,Richardson,lperry@miller-goodman.com,&W)BHund#S98
322,Tonya,Stafford,harperjeremy@hotmail.com,M)f^K9Mo^7BC
321,Jesse,Ruiz,cvelez@francis.com,_1#S_3v#fmIp
320,Catherine,Fields,pamela31@hotmail.com,d5YWZzoN^Bt2
319,Chelsea,Harris,christie89@jones-taylor.com,tOjPsj5j)!4q
318,Eric,Clements,ccalderon@koch.info,)HO8MdecV_M)
317,Norma,Cooley,harrisonjon@gmail.com,%ZXZEp^ud+48
316,Krystal,Roberts,josephhendricks@gmail.com,6mp9MwBpU!iw
315,Kimberly,Christensen,rogerboyd@yahoo.com,!3n1JiobVt#)
314,Eduardo,Mcpherson,kenneth81@cannon.com,lN6X50Vx!^YW
313,Regina,Myers,torresallison@yahoo.com,(F6r36Ky%fVC
312,Sarah,Mitchell,wmiller@gmail.com,_o2F4Uv_%Z+z
311,Jeffery,Thomas,petersbrian@ibarra.com,*3+M0Hetb5(A
310,Michelle,Murray,brandon13@jackson.com,&uWyNpGz!3T%
309,Brenda,Sims,xfarrell@burns.com,@SerEyGS2^K2
308,Jonathon,Roberson,williesmith@branch-jarvis.info,&wQS4CTr3$Yr
307,Catherine,Boyer,jjones@gmail.com,G#TPmgvcJ40E
306,Christina,Heath,sandra04@yahoo.com,FH8)QEEvF$gU
305,Randall,Lara,allenbenjamin@gmail.com,Z0ih5DYi+Eb4
304,Ryan,Moreno,christopher12@gmail.com,fI8Bs@gnY%Us
303,Kaitlyn,Jones,jowens@yahoo.com,DocLAL*Au$k5
302,Angela,Stokes,igardner@gmail.com,USwoNCoD%C5d
301,Emily,Long,tsmith@blevins.com,Z+@j9uz1PKk6
300,Collin,Wiggins,ethan47@webster.com,bJ8aXeOn^Y80
299,Justin,Gonzalez,bentleypaul@gmail.com,Zw1wtZ38^s)M
298,Rodney,Schultz,bkim@kelly.com,DFE_GMHz9P$2
297,Denise,West,zwyatt@curtis.org,&2UiTDHAyQxi
296,Nicholas,Higgins,chad29@gmail.com,+_6A$TpKm9*$
295,Cindy,Morton,samanthawarren@hotmail.com,IBgZoc24(9Os
294,Timothy,Frank,gregory78@gmail.com,PcTTdS1p$(2C
293,Amy,Hernandez,tsmith@yahoo.com,+IBPH@V_h2)h
292,Kathleen,Perez,qvargas@king.net,#JYRs@OtlOH1
291,Diana,Douglas,alejandrowilson@gordon.com,f!@4RuXjJe6*
290,Anthony,Clark,lisaday@shields.com,RD9QdKkWA_%7
289,Terri,Gilbert,wallacewilliam@young-robinson.com,ApA6AbDXS5p$
288,Eric,Nguyen,ybrennan@keith.com,Y5tNIBjq*_eO
287,Suzanne,Sanders,xwells@gonzalez-chambers.org,y+IMt52e&5ai
286,Jessica,White,emanning@jones-camacho.com,$UpSALVmw3N^
285,Michelle,Larson,brownalexa@gray-fox.org,r08Fsd+3)BGI
284,Christina,Gross,bnichols@gmail.com,9K(8CNn0%eRd
283,Javier,Harris,benjamin08@gmail.com,%6Dwhk7N6bJE
282,Ronnie,Ingram,xbutler@martinez.biz,ITB3O1Uxg!@B
281,Jennifer,Jackson,leestephanie@beltran-hall.com,uz5Hel^ZzjT_
280,Kevin,Blackwell,ambermiller@alexander.info,F_NR!6Qz$+44
279,Todd,Armstrong,michaelvaughn@gmail.com,Ss5Gbgjjo&vw
278,Steven,Barker,obanks@yahoo.com,coSK!xbX^C1(
277,James,Frye,audreybanks@wallace.org,c@4$uXlacLD1
276,Amanda,Jordan,hudsondawn@collier.biz,#w8BMJ57o8C3
275,Tracy,Lewis,dustinrichardson@hotmail.com,&Y9MillHZN@T
274,Jared,Johnson,browndestiny@yahoo.com,Z^%paQHs9t7V
273,Melinda,Underwood,xshelton@reed-macdonald.org,YgG%gt1^$1fP
272,Matthew,Gill,jenniferhouston@thompson-hernandez.org,A66kMPYo+_MZ
271,Paula,Smith,trangel@williams-allen.com,#8HsARrUFZJy
270,Zachary,Sharp,russell82@blackwell.org,(n*$97Pr!W(4
269,Sandra,Cooper,gsilva@yahoo.com,7%0OWxEAV4pS
268,Amy,Mack,nelsonlisa@craig.info,*8KhseD*P7Ju
267,Aaron,Hall,stacydavidson@ponce.com,@58O8S^w@a#Q
266,Ethan,Little,sara87@leonard-hernandez.com,VyniMkVl4*)9
265,Leslie,Ramirez,wilsonalicia@gmail.com,6s2**ZDVu&K6
264,Joy,Hernandez,eric54@weeks.com,$%VQvh7*!6JB
263,Ashley,Rios,gonzalessandra@gmail.com,e3W)tlNUN$9b
262,Cassandra,White,victoria73@matthews.com,Yieuq6Ae2*1x
261,Elizabeth,Brown,olivia12@cobb.com,f13X9XwtFA)0
260,James,Miller,teresaclarke@walsh.com,)0Ve0k$JZzZL
259,Kyle,Yoder,ztrevino@hotmail.com,(I6eCELi5u%w
258,Jack,Lewis,alexander38@hill.org,^EWE_6RB4yzX
257,Ashlee,King,laurencox@mckee.com,$7g45AtjdhxG
256,David,Reid,kmcguire@hotmail.com,*1s!SR3L3HFq
255,Alyssa,Hunt,troberts@johnson.com,_pYubYiW310o
254,George,Haynes,miguel76@chaney.info,IaGF(0hvAJ2^
253,Dennis,Anderson,monique28@gmail.com,T+Z@NgEgik8&
252,Austin,Clark,xberry@yahoo.com,GR$E4EcvImnu
251,Jenna,Glass,hhester@little.com,IEfk+2Fw+!Zy
250,Daniel,Rhodes,shardin@yahoo.com,paI29BonE#)i
249,Benjamin,Banks,laura32@bates.com,Cz$+VW^p*_9X
248,Andrew,Fuller,justin84@hotmail.com,!u6RupyPV1Ub
247,Kaitlin,Williams,teresa39@torres-knight.com,o%1T!$8DBxQ!
246,Jasmine,Williams,usingleton@gmail.com,vr9rluUeq_cG
245,Dawn,Burgess,bauerkelli@gmail.com,#g8Njvy%S9hJ
244,Adam,Mccann,mackenziekramer@barrett-norman.com,!e_IR6Ajo%b1
243,Samantha,Holder,courtney60@gmail.com,9qBDMQx!(B*H
242,Keith,Griffin,morenoamanda@yahoo.com,%Ab+P@d_J6Ra
241,Anthony,Barker,robinsonbradley@hotmail.com,GL0hoFA6&#I5
240,Andrea,Duran,john24@hotmail.com,q^%y!kq#5K6F
239,Lindsey,Becker,lindsayhernandez@hotmail.com,(_8qN4FX&!T1
238,Melissa,Campbell,sotojacqueline@romero.org,L^0JO$_b*kr1
237,Bradley,Stein,cmcintyre@schultz-martinez.com,jcBmrXNH$28K
236,Jason,Nolan,iryan@saunders.com,q#SE34f&pi9(
235,Karen,Gonzalez,bookerkathryn@hotmail.com,(oycdD2zD5Pi
234,Mason,Cain,nathan11@yahoo.com,*0bSmG5A4ax!
233,Michele,Bennett,blackburnjennifer@dominguez.net,9$KmEjor_QEK
232,Joshua,Johnson,qhall@hotmail.com,@74XLBs$Ldy!
231,Monica,Vargas,lauramurphy@hotmail.com,+Bb#b+p(I9Ab
230,Elizabeth,Rogers,jeffrey85@hotmail.com,t%h7WL!rQO)V
229,Jon,Howe,hterrell@hotmail.com,8DwYG1Fr(wvI
228,Christina,Walter,ifoster@yahoo.com,_sK4X5Yyw^_X
227,Karen,Gonzalez,hopkinsdavid@smith-james.com,K)#hCxEyV@5L
226,Benjamin,Perez,fowlerthomas@hotmail.com,uV7ztmgz6+Hq
225,Amanda,Whitaker,chavezjeffrey@gmail.com,0*+86Bsx$I5L
224,Kevin,Johnson,christopher46@hotmail.com,1u_HSXsI#oc8
223,Sherri,Torres,sandra83@hotmail.com,S51_WyHEV+U3
222,Douglas,Olson,dbell@ferrell-phillips.info,q5&y1JN^jgY8
221,Jennifer,Thomas,amandajohnston@wright-nelson.com,%7RKKtk^g^G%
220,John,Phillips,ericacollins@gibson.com,!^&^6PiZV$8O
219,Robert,Herrera,ele@yahoo.com,y8G+m@vD*)6w
218,Daniel,Gomez,kimberlyrhodes@king.com,n2Wuv(4u#VUX
217,Carl,Tyler,yjohnson@yahoo.com,%ejTq5GhpI**
216,Catherine,Huff,janetjohnson@stewart.com,3B8QKVzUAh#4
215,Natalie,Skinner,kelly62@carlson-mckenzie.com,(C#DmhXr*m5L
214,Jennifer,Vasquez,xtran@rodriguez.com,d9dHQ_O0*RqK
213,Luis,Williams,nmay@hotmail.com,6+4U3YiO_6LK
212,Brandon,Sanders,andrew85@baker.org,+XQ7l3Uy0DKW
211,Lisa,Oneal,richardsdarryl@rios.com,md(vd+OXf_G7
210,Larry,Lynch,johnsonshawn@yahoo.com,3FD0t6Av@X4K
209,Paula,Patel,smithmaria@black.biz,@K*%rVj@Hr0H
208,Jacqueline,Howard,joseph35@gmail.com,!n6W*CWey2pl
207,Dawn,Sharp,grahamgregg@yahoo.com,+6KWviissMv%
206,Katrina,Davis,valerie08@dorsey-bryant.net,%VyTxZIgK6Pk
205,Raymond,Wilkerson,qedwards@yahoo.com,Ce@3(Zjz+#kl
204,Wayne,Robinson,vincentmaddox@yahoo.com,KX13q(xb%J5C
203,Jennifer,Sanchez,brendadunlap@ferrell.org,o$8_qhy%!EHL
202,Hannah,Torres,lgreen@campbell.com,LWgyhwKxGS+8
201,Jennifer,King,sharon08@nelson.com,OU09W(piA@xj
200,Angela,Fowler,bishopjose@ray.com,#$sPMiNlBtW5
199,Matthew,Hernandez,jennifer09@osborne-ross.com,ApyKR08F(9IM
198,James,Williams,janet21@gmail.com,^PY#Thj#%5r%
197,Nathan,Fisher,pamela14@mayo.com,)V2Exm7zZC42
196,Jessica,Hudson,stevenwilson@johnson.org,n9@vRqX4(g7Q
195,Joshua,Chavez,jeremy60@gmail.com,uD3Fu3FC^MpH
194,Sarah,Coleman,taylorheather@gonzalez-rodgers.com,(F7sswTqbp!V
193,Amanda,Shaw,cchapman@smith.com,_gGl&iT9*8)i
192,Tracey,Lee,stacy60@hotmail.com,wwbP_v7x+P7%
191,Robin,Moreno,dennis52@yahoo.com,H@5M6Bv7wn4o
190,Carrie,Church,nsullivan@durham-hansen.info,9+4O#3qX&lUA
189,Rhonda,Allen,jenkinskarla@ramos.com,5S_7xgHbYT9i
188,Matthew,Skinner,edwinjones@yahoo.com,n6Hj$&BUAU#w
187,Marilyn,Orr,debramartinez@brown-chavez.com,^&I+2sSlj)22
186,Jennifer,Parsons,kaitlynwalker@gmail.com,)J55Y2syP6UE
185,Marc,Thompson,ascott@hotmail.com,da7koUq@j+a+
184,Emily,Fields,ywallace@palmer.com,0HceFurG(1L+
183,James,Collier,santanajohn@yahoo.com,k1!60Bd6Uu6T
182,Carrie,Charles,johnathandavis@marshall.com,&K5m88rv#92Y
181,Troy,Smith,gatesclarence@espinoza.com,a!cD7gRI*P0R
180,Nina,Henson,leslie42@flynn.org,^_0TPORwN4$3
179,Lisa,Hartman,jenkinspam@bentley.com,#dvvnElAD6t5
178,Phyllis,Todd,zjohnson@yahoo.com,9xZWweq+)6y8
177,Thomas,Thompson,bandrews@tucker.net,K)e#BtMMZ0K4
176,Paul,Torres,garciacolton@washington.com,6%vJ3LLy+cfn
175,Mary,Brown,priscilla62@brown-williams.com,DH5n$d#dE$An
174,Robert,Rios,ahill@long-montes.info,ej2B%jMn3^6j
173,Alexandra,Cooper,gonzalezsuzanne@johnston.com,!WrJ0Xg&+$3F
172,Megan,Rodriguez,benjaminbilly@gmail.com,KV76Riqq%iQR
171,Elizabeth,Norton,danielsmeghan@gray.net,@T+UzsZCDW0U
170,Lori,Collier,sosaaustin@gmail.com,%TC%wKV60O4c
169,Tina,Anderson,pballard@walker.com,E0U)v&LrJ%!P
168,Jennifer,Liu,acevedojeremy@ruiz-green.biz,4hP^XvdLy3IR
167,Douglas,Richardson,michellegarner@hotmail.com,rZQDdVtv(P9&
166,Bradley,Mcclain,barrettjennifer@gmail.com,vjQyoiEy*8LK
165,Edward,Holmes,jerrytucker@rodriguez.net,&83O%n$Ligd4
164,Kelly,Hunt,omeyer@yahoo.com,&3M6jWfqh9kU
163,Natalie,Cowan,omaldonado@brooks-charles.com,+3(_xYZn+lGF
162,Anthony,King,robertmccoy@hotmail.com,6g_CAvlAD19(
161,Robert,Rodriguez,amandavazquez@holloway.com,$%)*(aqLF5zP
160,Christopher,Smith,mariagreene@moore.com,y2VTtkoa!WDS
159,Tony,Stokes,sheryl86@chavez-charles.com,#vZ(r7xAE6lM
158,Glenda,Newton,fbarrett@montoya.com,XzJ9Vk0v%w(6
157,Eric,West,cassandrapope@gmail.com,*ExCXCb096AH
156,Bruce,Green,ubrowning@hotmail.com,XB5@RruyWc37
155,Amy,Crawford,davidthomas@olson.com,@j4VdcFxrz*L
154,Christine,Crawford,hbrown@yahoo.com,%hOLxWiar1E*
153,Kristy,Daniel,danielsyolanda@yahoo.com,*66#y#hyUk8U
152,Emily,Boone,kpotter@gmail.com,#@zJPhbN9AUb
151,Katherine,Hamilton,marywest@cole-collins.info,&fAKA0aHP!4F
150,Sabrina,Parker,tammy37@wilson.com,_CE^GGxyeX1A
149,Samuel,Smith,michelle55@hotmail.com,+o#7W3niF))k
148,Christopher,Mccall,juan17@hotmail.com,7Z5I9OXqTs%#
147,Joanne,Daniels,bethunderwood@lyons-anderson.biz,)V+SXCTc9idH
146,Charles,Carroll,emilyharris@gmail.com,#F2VU9Bl$%R4
145,Bruce,Cox,amandacrawford@gmail.com,yZ)6eY6wlVxd
144,Timothy,Davis,ewhitaker@hotmail.com,578j(Jxu&3Nt
143,Todd,Holmes,chris62@gmail.com,4lWVKVe8$5+E
142,Jessica,Richardson,katherine43@fernandez.com,+9$vj_tu+YkV
141,Emily,Pierce,wolson@hoffman.com,BW6L4q%O!+&N
140,Candace,Ball,henrykaitlyn@liu.com,+2Bck5^paE0a
139,Jonathan,Blake,dawsonoscar@morgan.com,R)3Lw95wmy0V
138,Carmen,Hatfield,browncrystal@beck-jackson.com,aglaPns#^5E0
137,Karen,Carey,myersjuan@hall-cunningham.com,&hJfVYpo_25#
136,James,Davis,underwoodvincent@yahoo.com,By!WK1xru604
135,Anthony,Winters,david75@yahoo.com,*#3EPte0EfWV
134,Sarah,Christensen,salexander@henderson-sanford.com,ZG%to8U!J9L*
133,Ronald,Norris,tguerrero@hotmail.com,#tGt6NjQZ$@V
132,David,Lopez,ftorres@hotmail.com,zFDeOumeol^5
131,Wanda,Pace,brooksleslie@lewis.com,*wd3BSRq0*+P
130,Melissa,Nelson,bgrant@gmail.com,^mAh$_r3r2Eb
129,Richard,Garrison,savagejohnny@yahoo.com,U3I$oyBy)_9x
128,David,Johnston,jessicabradley@jones-jackson.org,OJ#9s@Qf7k&9
127,Joseph,Carrillo,jordanjames@hotmail.com,@eWFy&WE^5!T
126,Christina,Burton,montgomeryerik@monroe.com,*^kaVeM+5_xn
125,Gregory,Webb,patriciacharles@suarez.com,a41aO%gjv+x0
124,Miguel,Murray,omartin@hartman.com,*2dXItvdg2LQ
123,Melissa,Kim,xgray@brown.com,_A5UNaunKC_n
122,Margaret,Fritz,feliciacunningham@osborn.net,_lXsuNzas8*X
121,Anthony,Santana,barronruth@hamilton.net,kR7YymRC^43*
120,Wendy,Powers,brodgers@wheeler.org,9aUJT^Fb$Jqk
119,Elizabeth,Hicks,pinedaamber@gmail.com,@*9FRua4*O&h
118,Jennifer,Howell,ramirezalicia@garcia.org,i!8h7Mpb$!1Z
117,Austin,Garcia,tonyhall@cummings.net,LI2DqrBykd%G
116,Heather,Davis,khunt@hotmail.com,*4Z8ASeoB7Hh
115,James,Barrett,psutton@hotmail.com,@RCJsynAq4zz
114,Lauren,Fitzpatrick,floresmelissa@yahoo.com,w4G+$Ctfo&v4
113,Lisa,Rodriguez,jacobjohns@stevens.com,_8)Cj*@q)z0%
112,Lacey,Carlson,marcus55@montgomery.org,(JZ!xl+J10a6
111,Keith,Fisher,jeffrey21@love.com,@c%b3Y&zG#I#
110,Gabrielle,Watts,karen62@harrison-jackson.com,(&BDaDhVX5WN
109,Donna,Houston,glenn40@yahoo.com,7u7A1eYCm(RA
108,Kimberly,Mcbride,fischermary@yahoo.com,gW4rlx%x6^gg
107,Vanessa,Hunter,eddiepham@stokes.com,&sQYl)n24O4m
106,Michelle,Stone,kathryn29@hotmail.com,8^%o8Uj(XE@!
105,Bryan,Gonzales,michelle07@lewis.com,4%U5Nc+oMF+^
104,Jacob,Cook,mary37@white.org,t7f^7Mklnxy$
103,Christopher,Horton,morgan90@hotmail.com,t%^D_NJee53x
102,George,Moon,ujohnson@meyer-molina.com,9jLqSmXqs)8#
101,Jennifer,Long,hullalicia@yahoo.com,n3xLOY+p$@Kr
100,Kimberly,Wade,meredithchase@gmail.com,fk3IFkse^g8B
99,Brittany,Barnett,pattersonmallory@gmail.com,)f)65OSmRe3e
98,Jason,Rodriguez,dchurch@zavala.com,8*8klPn+@9VK
97,Rachel,Soto,wardchristine@gilbert.info,v4yx%5HbLN+#
96,Miguel,Frank,desireeryan@yahoo.com,8#Z5ST!e(BjL
95,Ryan,Banks,hubbardkenneth@gmail.com,#jfcY(zVW3DU
94,Tammy,Rojas,jacksonallen@williams-brown.com,(9#Y&ZiCjWOG
93,Stephen,Wolfe,ahoward@hotmail.com,95a(^s9tTwsN
92,Emily,Lopez,cayers@knapp.net,(22kP^6ndKX$
91,Joanna,Mora,kimberlyhutchinson@carpenter.com,#78NWkLw@6&k
90,Jesse,Rhodes,rodriguezbrenda@wheeler-garner.com,m)2HV*yCLL&P
89,Corey,Morse,michelle50@wilcox-edwards.com,+^+6Edk2B3N7
88,David,Harmon,mbarnes@hotmail.com,&$z#UCg$3_S@
87,Daniel,Thomas,kayla46@hotmail.com,#@eXzVyJpl2P
86,Raymond,Taylor,sheila74@joseph.com,Y(S4PGDs4mI5
85,Brandon,Bryant,deannathompson@miller.net,+&2Oltli4VRU
84,Arthur,Pineda,mreed@gmail.com,D6%oEkBF)!dS
83,Michael,Martinez,whitneyreed@long-reynolds.com,&XGasjXqI7XF
82,Jason,Soto,lwashington@hotmail.com,@^y4ENuif8RU
81,Matthew,Sparks,kmorgan@yahoo.com,RfYMhkqyk&5n
80,Catherine,Duke,jennifer86@gmail.com,#6*SSoJ$SOS!
79,Joseph,Vang,shannonjordan@miller-wilson.com,hP8LZ9bI%48B
78,Evan,Lara,colleenzimmerman@randolph-sanchez.com,W_4WyewaD9W(
77,Deborah,Gonzales,bennettjenna@yahoo.com,)yyB$5Lkor_6
76,Mark,Perkins,aaronwalton@cole.info,(4H9dHMyiBmU
75,Heather,Wall,jacob39@coleman.com,yZv&tY5J^4jY
74,Veronica,Cook,jodigray@gmail.com,h(GwU&2L#l1i
73,Ryan,Neal,choidaniel@burns.net,Nje&CGzc_1u5
72,Robin,Marshall,reedbrandon@kennedy.biz,G4^b20Mf^!Vw
71,Jacob,Hood,wendy21@garcia.com,(2q!V!FHv3nJ
70,Brooke,Roach,welchlevi@hotmail.com,&83QiskX2GzJ
69,Alejandro,Griffith,ganderson@yahoo.com,(!4gJJfB@xwA
68,Patrick,Roy,maciaschristopher@gmail.com,MG7Uxnow9@9z
67,Paul,Parker,maurice48@hotmail.com,Y*u+nHLe&1zR
66,Christian,Thompson,jacksonkeith@simon.com,P8(dhjHHIORa
65,William,Wang,henryjacob@hotmail.com,62swAymb(^Z0
64,Heidi,Armstrong,ericperry@garcia-dunn.biz,1yGnvRZYn3+@
63,Tamara,Watson,yrobertson@collins.biz,a8671w(+(P9R
62,Kelsey,Lawrence,kimberlywebb@stokes-mathews.com,SU5)xVOu0$jb
61,Theresa,Jackson,david33@gmail.com,+AP6Kadd!4!R
60,Mario,Johnson,huynhkatelyn@yahoo.com,ub#1RzRk^Rj2
59,Wanda,Snow,yhancock@garcia-moon.com,*Y*bGr%idZ7(
58,Madison,Brown,kayla32@gmail.com,S@*1SNy%&w$E
57,Lisa,Richards,james68@lopez.com,6e5HDf%T1_DO
56,Jennifer,Callahan,johnsondominique@yahoo.com,Z9W##cc_NF3g
55,Nicole,Jimenez,edwardjackson@frank.com,+2@3w11e4FD^
54,Amanda,Smith,shouston@blake-ali.com,&pW%6Try9O$s
53,Stephanie,Rogers,james99@gmail.com,br^ziEaG9c8%
52,Matthew,Barnes,joe37@hotmail.com,%#5Ayg$N0LTG
51,Haley,Neal,ahall@everett.net,E4aJ(^rstto_
50,Ashley,White,hhenderson@yahoo.com,!qKSyn*zBn6V
49,Elizabeth,Proctor,christina02@gmail.com,x(WF2MNnM81(
48,Julian,Moore,bradleymary@yahoo.com,k!TYUh)Tou_8
47,David,Coleman,monique70@yahoo.com,g(VP!jaf$N8c
46,Stephanie,Espinoza,shane82@johnson-morton.com,Q(y*dT@VpE7Q
45,Kevin,Carter,holly08@rogers.biz,75A%uVsi)vMH
44,Melissa,Thomas,michael71@yahoo.com,$C2gq(GmMQN@
43,Tracy,Jones,bperez@martinez.com,y34#RXcd%!Gq
42,Jose,Alvarez,haileyhardy@yahoo.com,Wj*e4aEyNF*7
41,Frank,Robinson,qshaffer@clark.org,!p#VAs&32hzK
40,Ricardo,Ramirez,richard27@yahoo.com,Z@h#Wb8*%y5P
39,Jessica,Scott,youngchristopher@yahoo.com,UgK31rha(W7x
38,Jacob,Delgado,kennethespinoza@yahoo.com,$2a*F2aP!*x2
37,Brandon,Thomas,lrussell@gmail.com,YqFYDrhp$1O@
36,James,Lynch,amanda76@hotmail.com,d&trT@wFo$a8
35,Craig,Hernandez,kunderwood@moore.com,a_jKqOMr$LR3
34,Joshua,Smith,wilsonsusan@hotmail.com,bMa)F6ql)+1q
33,Erica,Banks,eguzman@wilson-fleming.com,i49+L_g5_pJJ
32,Paul,Harding,stephen70@hudson.biz,)3d!7Rc7VLWD
31,William,Matthews,markcampbell@peters.info,+g&)Ocg8u2VF
30,Lindsay,Johnson,klewis@hotmail.com,6$Lts)Nz%x9&
29,Richard,Watson,jennifersmith@warner.com,a$s0pA0pA8)5
28,Nicole,King,bushmegan@sims.com,9h5EqTVvAqy_
27,Robert,Lowe,travis75@yahoo.com,iF_C)uh_l%9M
26,Mary,Allen,william96@chang.biz,h*dHrLc$d@8N
25,Vanessa,Johnson,beckchristine@gmail.com,nv^2Qyjl)UFU
24,Paul,Smith,kevinhall@yahoo.com,h1Ovv4P2%^A3
23,Deborah,Freeman,melissa73@collins.com,6nG!ETob&50e
22,David,Price,anthonyjennifer@garcia.com,bX5O!QFm_q!I
21,Allison,Nelson,justin87@cannon-eaton.net,I_3uw6GyO)#*
20,Helen,Ramos,christopherbrown@yahoo.com,5dAOr^8N&x$m
19,Raymond,Gentry,ltaylor@yahoo.com,$&NHzWns7h2V
18,James,Schneider,potterdamon@nichols-hammond.com,^Y_kMP@pvO8R
17,Oscar,Brooks,johnbradley@gmail.com,oR^3YDfTixW$
16,Diane,Mccoy,rharper@yahoo.com,T^HX9Jxadh9J
15,Adam,Carrillo,ffranklin@mitchell.com,XcE4rjbU_v6B
14,Matthew,Holden,alexharris@holder.net,&!Pu0bCwmt2J
13,Wayne,Howard,elopez@smith-arnold.com,_9F6FtxW_BuQ
12,Pamela,Williams,davidcunningham@brennan-foster.info,uoPxDMcF&D7d
11,Christina,Turner,fischerterri@bowen.info,JaiI6Fjh#a26
10,David,Long,johnsonjustin@hardin.com,Q3w9XUDfan@!
9,Anthony,Strickland,mitchelljerry@decker.com,eN5SV+wFv%&h
8,Tommy,Thompson,scottflores@reynolds.com,6y)8Qnjxo+rc
7,Amy,Sanchez,dylan20@gmail.com,#B#PG9xf^#9q
6,Dennis,Franklin,charlescoleman@williamson-kerr.org,Xui&w(KFzt6U
5,Craig,Bright,mathiskurt@gmail.com,+_gaPjro(2hs
4,Kimberly,Aguilar,melanieperez@williams-wright.com,l3QUGkuN&K2n
3,Megan,Owens,david90@ward.com,3E%g1BTmP@OJ
2,Kelly,Lee,zbrowning@gmail.com,v8*8Q2)AMeBl
1,Gregory,Price,pjohnson@yahoo.com,)sr+4G$cx6my
